{
"com.badlogic.gdx.graphics.g2d.BitmapFont": {
	"font": {
		"file": "font.fnt"
	},
	"fontlarge": {
		"file": "fontlarge.fnt"
	},
	"fontlarge2": {
		"file": "fontlarge2.fnt"
	}
},
"com.badlogic.gdx.graphics.Color": {
	"RGBA_0_0_0_255": {
		"r": 0,
		"g": 0,
		"b": 0,
		"a": 1
	},
	"RGBA_101_73_0_255": {
		"r": 0.39607844,
		"g": 0.28627452,
		"b": 0,
		"a": 1
	},
	"RGBA_130_124_94_255": {
		"r": 0.50980395,
		"g": 0.4862745,
		"b": 0.36862746,
		"a": 1
	},
	"RGBA_153_102_51_255": {
		"r": 0.6,
		"g": 0.4,
		"b": 0.2,
		"a": 1
	},
	"RGBA_162_108_56_255": {
		"r": 0.63529414,
		"g": 0.42352942,
		"b": 0.21960784,
		"a": 1
	},
	"RGBA_162_151_95_255": {
		"r": 0.63529414,
		"g": 0.5921569,
		"b": 0.37254903,
		"a": 1
	},
	"RGBA_83_56_29_255": {
		"r": 0.3254902,
		"g": 0.21960784,
		"b": 0.11372549,
		"a": 1
	}
},
"com.badlogic.gdx.scenes.scene2d.ui.Button$ButtonStyle": {
	"default": {
		"up": "HEAL",
		"down": "HEAL-down",
		"over": "HEAL-hover"
	},
	"skill-atkSpd": {
		"up": "atkSpd",
		"down": "atkSpd-down",
		"over": "atkSpd-hover"
	},
	"skill-atkdmg": {
		"up": "atkDmg",
		"down": "atkDmg-down",
		"over": "atkDmg-hover"
	},
	"skill-shield": {
		"up": "shield",
		"down": "shield-down",
		"over": "shield-hover"
	},
	"skill-spd": {
		"up": "movSpd",
		"down": "movSpd-down",
		"over": "movSpd-hover"
	},
	"skill-time": {
		"up": "slowEn",
		"down": "slowEn-down",
		"over": "slowEn-hover"
	},
	"skill-upbull": {
		"up": "bull2x",
		"down": "bull2x-down",
		"over": "bull2x-hover"
	},
	"btn-play": {
		"up": "Button",
		"down": "ButtonClicked",
		"over": "ButtonHover"
	},
	"btn-exit": {
		"up": "exit1",
		"down": "exit3",
		"over": "exit2"
	},
	"btn-info": {
		"up": "info1",
		"down": "info3",
		"over": "info2"
	},
	"btn-home": {
		"up": "home1",
		"down": "home3",
		"over": "home2"
	},
	"btn-sound": {
		"up": "sound1",
		"down": "sound3",
		"over": "sound2",
		"disabled": "sound4"
	},
	"btn-music": {
		"up": "speaker1",
		"down": "speaker3",
		"over": "speaker2",
		"disabled": "speaker4"
	},
	"btn-cancel": {
		"up": "silang1",
		"down": "silang3",
		"over": "silang2"
	},
	"btn-setting": {
		"up": "settings1",
		"down": "settings3",
		"over": "settings2"
	},
	"btn-pause": {
		"up": "pause1",
		"down": "pause3",
		"over": "pause2"
	}
},
"com.badlogic.gdx.scenes.scene2d.ui.TextButton$TextButtonStyle": {
	"default": {
		"font": "font",
		"fontColor": "RGBA_153_102_51_255",
		"downFontColor": "RGBA_101_73_0_255",
		"overFontColor": "RGBA_162_151_95_255",
		"up": "rectangle1",
		"down": "rectangle3",
		"over": "rectangle2",
		"disabled": "rectangle4"
	},
	"btn-small": {
		"font": "font",
		"fontColor": "RGBA_162_108_56_255",
		"downFontColor": "RGBA_83_56_29_255",
		"overFontColor": "RGBA_130_124_94_255",
		"up": "square1",
		"down": "square3",
		"over": "square2",
		"disabled": "square4"
	}
},
"com.badlogic.gdx.scenes.scene2d.ui.Window$WindowStyle": {
	"default": {
		"background": "window-skill",
		"titleFont": "font"
	}
}
}